Feat;Source;Feat Type;Stat;Description
Heavily Armored;Player's Handbook;Armor;Strength;<i>Prerequisite: Proficiency with medium armor</i><br> <i>You have trained to master the use of heavy armor, gaining the following benefits:</i><br> <ul> <li>Increase your Strength score by 1, to a maximum of 20.</li> <li>You gain proficiency with heavy armor.</li> </ul>
Heavy Armor Master;Player's Handbook;Armor;Strength;<i>Prerequisite: Proficiency with heavy armor</i><br> <i>You can use your armor to deflect strikes that would kill others. You gain the following benefits:</i><br> <ul> <li>Increase your Strength score by 1, to a maximum of 20.</li> <li>While you are wearing heavy armor, bludgeoning, piercing, and slashing damage that you take from non magical weapons is reduced by 3.</li> </ul>
Lightly Armored;Player's Handbook;Armor;Strength, Dexterity;<i>You have trained to master the use of light armor, gaining the following benefits:</i><br> <ul> <li>Increase your Strength or Dexterity score by 1, to a maximum of 20.</li> <li>You gain proficiency with light armor.</li> </ul>
Medium Armor Master;Player's Handbook;Armor;None;<i>Prerequisite: Proficiency with medium armor<i> <i>You have practiced moving in medium armor to gain the following benefits:</i><br> <ul> <li>Wearing medium armor doesn’t impose disadvantage on your Dexterity (Stealth) checks.</li> <li>When you wear medium armor, you can add 3, rather than 2, to your AC if you have a Dexterity of 16 or higher.</li> </ul>
Moderately Armored;Player's Handbook;Armor;Strength, Dexterity;<i>Prerequisite: Proficiency with light armor</i><br> <i>You have trained to master the use of medium armor and shields, gaining the following benefits:</i><br> <ul> <li>Increase your Strength or Dexterity score by 1, to a maximum of 20.</li> <li>You gain proficiency with medium armor and shields.</li> </ul>
Barbed Hide ;UA: Feats for Races;Racial;Constitution, Charisma;<i>Prerequisite: Tiefling</i><br> <i>One of your ancestors was a barbed devil or other spiky fiend. Barbs protrude from your head. You gain the following benefits:</i><br> <ul> <li>Increase your Constitution or Charisma score by 1, up to a maximum of 20.</li> <li>As a bonus action, you can cause small barbs to protrude all over your body or cause them to retract. At the start of each of your turns while the barbs are out, you deal 1d6 piercing damage to any creature grappling you or any creature grappled by you.</li> <li>You gain proficiency in the Intimidation skill. If you’re already proficient in it, your proficiency bonus is doubled for any check you make with it.</li> </ul>
Bountiful Luck;Xanathar's Guide to Everything;Racial;None;<i>Prerequisite: Halfling</i><br> <i>Your people have extraordinary luck, which you have learned to mystically lend to your companions when you see them falter. You’re not sure how you do it, you just wish it, and it happens. Surely a sign of fortune’s favor!</i><br> <ul> <li>When an ally you can see within 30 feet of you rolls a 1 on the d20 for an attack roll, an ability check, or a saving throw, you can use your reaction to let the ally reroll the die. The ally must use the new roll. When you use this ability, you can’t use your Lucky racial trait before the end of your next turn.</li> </ul>
Critter Friend;UA: Feats for Races;Racial;None;<i>Prerequisite: Gnome (Forest)</i><br> <i>Your friendship with animals mystically deepens. You gain the following benefits:</i><br> <ul> <li>You gain proficiency in the Animal Handling skill. If you’re already proficient in it, your proficiency bonus is doubled for any check you make with it.</li> <li>You learn the speak with animals spell and can cast it at will, without expending a spell slot. You also learn the animal friendship spell, and you can cast it once with this feat, without expending a spell slot. You regain the ability to cast it in this way when you finish a long rest. Intelligence is your spellcasting ability for these spells.</li> </ul>
Dragon Fear;Xanathar's Guide to Everything;Racial;Strength, Constitution, Charisma;<i>Prerequisite: Dragonborn</i><br> <i>When angered, you radiate menace. You gain the following benefits:</i><br> <ul> <li>Increase your Strength, Constitution or Charisma score by 1, up to a maximum of 20.</li> <li>Instead of exhaling destructive energy, you can expend a use of your Breath Weapon trait to roar, forcing each creature of your choice within 30 feet of you to make a Wisdom saving throw (DC 8 + your proficiency bonus + your Charisma modifier). A target automatically succeeds if it can’t hear or see you. On a failed save, a target becomes frightened of you for 1 minute. If the frightened target takes any damage, it can repeat the saving throw, ending the effect on itself on a success.</li> </ul>
Dragon Hide;Xanathar's Guide to Everything;Racial;Strength, Constitution, Charisma;<i>Prerequisite: Dragonborn</i><br> <i>You manifest scales and claws reminiscent of your draconic ancestors. You gain the following benefits:</i><br> <ul> <li>Increase your Strength, Constitution or Charisma score by 1, up to a maximum of 20.</li> <li>Your scales harden. While you aren’t wearing armor, you can calculate your AC as 13 + your Dexterity modifier. You can use a shield and still gain this benefit.</li> <li>You grow retractable claws from the tips of your fingers. Extending or retracting the claws requires no action. The claws are natural weapons, which you can use to make unarmed strikes. If you hit with them, you deal slashing damage equal to 1d4 + your Strength modifier, instead of the normal bludgeoning damage for an unarmed strike.</li> </ul>
Dragon Wings;UA: Feats for Races;Racial;None;<i>Prerequisite: Dragonborn</i><br> <ul> <li>You sprout draconic wings. With your wings, you have a flying speed of 20 feet if you aren’t wearing heavy armor and aren’t exceeding your carrying capacity.</li> </ul>
Drow Hide Magic;Xanathar's Guide to Everything;Racial;None;<i>Prerequisite: Elf (drow)</i><br> <ul> <li>You learn more of the magic typical of dark elves. You learn the detect magic spell and can cast it at will, without expending a spell slot. You also learn levitate and dispel magic, each of which you can cast once without expending a spell slot. You regain the ability to cast those two spells in this way when you finish a long rest.  Charisma is your spellcasting ability for all three spells.</li> </ul>
Dwarven Fortitude;Xanathar's Guide to Everything;Racial;Constitution;<i>Prerequisite: Dwarf</i><br> <i>You have the blood of dwarf heroes flowing through your veins. You gain the following benefits:</i><br> <ul> <li>Increase your Constitution score by 1, up to a maximum of 20.</li> <li>Whenever you take the Dodge action in combat, you can spend one Hit Die to heal yourself. Roll the die, add your Constitution modifier, and regain a number of hit points equal to the total (minimum of 1).</li> </ul>
Elven Accuracy;Xanathar's Guide to Everything;Racial;Dexterity, Intelligence, Wisdom, Charisma;<i>Prerequisite: Elf or half-elf</i><br> <i>The accuracy of elves is legendary, especially that of elf archers and spellcasters. You have uncanny aim with attacks that rely on precision rather than brute force. You gain the following benefits:</i><br> <ul> <li>Increase your Dexterity, Intelligence, Wisdom, or Charisma score by 1, to a maximum of 20.</li> <li>Whenever you have advantage on an attack roll using Dexterity, Intelligence, Wisdom, or Charisma, you can reroll one of the dice once.</li> </ul>
Everybody's Friend;UA: Feats for Races;Racial;Charisma;<i>Prerequisite: Half-elf</i><br> <i>You develop your magnetic personality to ease your way through the world. You gain the following benefits:</i><br> <ul> <li>Increase your Charisma score by 1, up to a maximum of 20.</li> <li>You gain proficiency in the Deception and Persuasion skills. If you’re already proficient in either skill, your proficiency bonus is doubled for any check you make with that skill.</li> </ul>
Fade Away;Xanathar's Guide to Everything;Racial;Dexterity, Intelligence;<i>Prerequisite: Gnome</i><br> <i>Your people are Clever, with a knack for illusion magic. You have learned a magical trick for fading away when you suffer harm. You gain the following benefits:</i><br> <ul> <li>Increase your Dexterity or Intelligence score by 1, to a maximum of 20.</li> <li>Immediately after you take damage, you can use a reaction to magically become invisible until the end of your next turn or until you attack, deal damage, or force someone to make a saving throw. Once you use this ability, you can’t do so again until you finish a short or long rest.</li> </ul>
Fey Teleportation;Xanathar's Guide to Everything;Racial;Intelligence, Charisma;<i>Prerequisite: Elf (high)</i><br> <i>Your study of high elven lore has unlocked fey power that few other elves possess, except your eladrin cousins. Drawing on your fey ancestry, you can momentarily stride through the Feywild to shorten your path from one place to another. You gain the following benefits:</i><br> <ul> <li>Increase your Intelligence or Charisma score by 1, to a maximum of 20.</li> <li>You learn to speak, read, and write Sylvan.</li> <li>You learn the misty step spell and can cast it once without expending a spell slot. You regain the ability to cast it in this way when you finish a short or long rest. Intelligence is your spellcasting ability for this spell.</li> </ul>
Flames of Phlegethos;Xanathar's Guide to Everything;Racial;Intelligence, Charisma;<i>Prerequisite: Tiefling</i><br> <i>You learn to call on hellfire to serve your commands. You gain the following benefits:</i><br> <ul> <li>Increase your Intelligence or Charisma score by 1, to a maximum of 20.</li> <li>When you roll fire damage for a spell you cast, you can reroll any roll of 1 on the fire damage dice, but you must use the new roll, even if it is another 1.</li> <li>Whenever you cast a spell that deals fire damage, you can cause flames to wreathe you until the end of your next turn. The flames don’t harm you or your possessions, and they shed bright light out to 30 feet and dim light for an additional 30 feet. While the flames are present, any creature within 5 feet of you that hits you with a melee attack takes 1d4 fire damage.</li> </ul>
Grudge-Bearer;UA: Feats for Races;Racial;Strength, Constitution, Wisdom;<i>Prerequisite: Dwarf</i><br> <i>You have a deep hatred for a particular kind of creature. Choose your foes, a type of creature to bear the burden of your wrath: aberrations, beasts, celestials, constructs, dragons, elementals, fey, fiends, giants, monstrosities, oozes, plants, or undead. Alternatively, you can choose two races of humanoid (such as gnolls and orcs). You gain the following benefits:</i><br> <ul> <li>Increase your Strength, Constitution, or Wisdom score by 1, to a maximum of 20.</li> <li>During the first round of any combat against your chosen foes, your attack rolls against any of them have advantage.</li> <li>When any of your chosen foes makes an opportunity attack against you, it makes the attack roll with disadvantage.</li> <li>Whenever you make an Intelligence (Arcana, History, Nature, or Religion) check to recall information about your chosen foes, you add double your proficiency bonus to the check, even if you’re not normally proficient.</li> </ul>
Human Determination;UA: Feats for Races;Racial;Strength, Dexterity, Constitution, Intelligence, Wisdom, Charisma;<i>Prerequisite: Human</i><br> <i>You are filled with a determination that can draw the unreachable within your reach. You gain the following benefits:</i><br> <ul> <li>Increase one ability score of your choice by 1, to a maximum of 20.</li> <li>When you make an attack roll, an ability check, or a saving throw, you can do so with advantage. Once you use this ability, you can’t use it again until you finish a short or long rest.</li> </ul>
Infernal Constitution;Xanathar's Guide to Everything;Racial;Constitution;<i>Prerequisite: Tiefling</i><br> <i>Fiendish blood runs strong in you, unlocking a resilience akin to that possessed by some fiends. You gain the following benefits:</i><br> <ul> <li>Increase your Constitution score by 1, to a maximum of 20.</li> <li>You have resistance to cold damage and poison damage.</li> <li>You have advantage on saving throws against being poisoned.</li> </ul>
Orcish Aggression;UA: Feats for Races;Racial;None;<i>Prerequisite: Half-orc</i><br> <ul> <li>As a bonus action, you can move up to your speed toward an enemy of your choice that you can see or hear. You must end this move closer to the enemy than you started.</li> </ul>
Orcish Fury;Xanathar's Guide to Everything;Racial;Strength, Constitution;<i>Prerequisite: Half-orc</i><br> <i>Your inner fury burns tirelessly. You gain the following benefits:</i><br> <ul> <li>Increase your Strength or Constitution score by 1, to a maximum of 20.</li> <li>When you hit with an attack using a simple or martial weapon, you can roll one of the weapon’s damage dice an additional time and add it as extra damage of the weapon’s damage type. Once you use this ability, you can’t use it again until you finish a short or long rest.</li> <li>Immediately after you use your Relentless Endurance trait, you can use your reaction to make one weapon attack.</li> </ul>
Prodigy;Xanathar's Guide to Everything;Racial;None;<i>Prerequisite: Half-elf, half-orc, or human</i><br> <i>You have a knack for learning new things. You gain the following benefits:</i><br> <ul> <li>You gain one skill proficiency of your choice, one tool proficiency of your choice, and fluency in one language of your choice.</li> <li>Choose one skill in which you have proficiency. You gain expertise with that skill, which means your proficiency bonus is doubled for any ability check you make with it. The skill you choose must be one that isn’t already benefiting from a feature, such as Expertise, that doubles your proficiency bonus.</li> </ul>
Second Chance;Xanathar's Guide to Everything;Racial;Dexterity, Constitution, Charisma;<i>Prerequisite: Halfling </i><br> <i>Fortune favors you when someone tries to strike you. You gain the following benefits:</i><br> <ul> <li>Increase your Dexterity, Constitution or Charisma score by 1, to a maximum of 20.</li> <li>When a creature you can see hits you with an attack roll, you can use your reaction to force that creature to reroll. Once you use this ability, you can’t use it again until you roll initiative at the start of combat or until you finish a short or long rest.</li> </ul>
Squat Nimbleness;Xanathar's Guide to Everything;Racial;Strength, Dexterity;<i>Prerequisite: Dwarf or a Small race</i><br> <i>You are uncommonly nimble for your race. You gain the following benefits:</i><br> <ul> <li>Increase your Strength or Dexterity score by 1, to a maximum of 20.</li> <li>Increase your walking speed by 5 feet.</li> <li>You gain proficiency in the Acrobatics or Athletics skill (your choice).</li> <li>You have advantage on any Strength (Athletics) or Dexterity (Acrobatics) check you make to escape from being grappled.</li> </ul>
Wonder Maker;UA: Feats for Races;Racial;Dexterity, Intelligence;<i>Prerequisite: Gnome (rock)</i><br> <i>You master the tinker techniques of your people. You gain the following benefits:</i><br> <ul> <li>Increase your Dexterity or Intelligence score by 1, to a maximum of 20.</li> <li>When you make a check using your proficiency with tinker’s tools, you add double your proficiency bonus to the check.</li> <li>When you make a device with your Tinker trait, you have the following additional options for what you make: <ul> <li>Alarm. This device senses when a creature moves to within 15 feet of it without speaking aloud a password chosen when you create it. One round after a creature moves into range, the alarm makes a shrill ringing that lasts for 1 minute and can be heard from up to 300 feet away.</li> <li>Calculator. This device makes doing sums easy.</li> <li>Lifter. This device can be used as a block and tackle, allowing its user to hoist five times the weight the user can normally lift.</li> <li>Timekeeper. This pocket watch keeps accurate time.</li> <li>Weather Sensor. When used as an action, this device predicts weather conditions in a 1-mile radius over the next 4 hours, showing one symbol (clouds, sun/moon, rain, or snow) for each hour.</li> </ul> </li> </ul>
Wood Elf Magic;Xanathar's Guide to Everything;Racial;None;<i>Prerequisite: Elf (wood)</i><br> <ul> <li>You learn the magic of the primeval woods, which are revered and protected by your people. You learn one druid cantrip of your choice. You also learn the long strider and pass without trace spells, each of which you can cast once without expending a spell slot. You regain the ability to cast these two spells in this way when you finish a long rest. Wisdom is your spellcasting ability for all three spells.</li> </ul>
Blade Mastery;UA: Feats;Weapon;None;<i>You master the shortsword, longsword, scimitar, rapier, and greatsword. You gain the following benefits when using any of them:</i><br> <ul> <li>You gain a +1 bonus to attack rolls you make with the weapon.</li> <li>On your turn, you can use your reaction to assume a parrying stance, provided you have the weapon in hand. Doing so grants you a +1 bonus to your AC until the start of your next turn or until you’re not holding the weapon.</li> <li>When you make an opportunity attack with the weapon, you have advantage on the attack roll.</li> </ul>
Fell Handed;UA: Feats;Weapon;None;<i>You master the handaxe, battleaxe, greataxe, warhammer, and maul. You gain the following benefits when using any of them:</i><br> <ul> <li>You gain a +1 bonus to attack rolls you make with the weapon.</li> <li>Whenever you have advantage on a melee attack roll you make with the weapon and hit, you can knock the target prone if the lower of the two d20 rolls would also hit the target.</li> <li>Whenever you have disadvantage on a melee attack roll you make with the weapon, the target takes bludgeoning damage equal to your Strength modifier (minimum of 0) if the attack misses but the higher of the two d20 rolls would have hit.</li> <li>If you use the Help action to aid an ally’s melee attack while you’re wielding the weapon, you knock the target’s shield aside momentarily. In addition to the ally gaining advantage on the attack roll, the ally gains a +2 bonus to the roll if the target is using a shield.</li> </ul>
Flail Mastery;UA: Feats;Weapon;None;<i>The flail is a tricky weapon to use, but you have spent countless hours mastering it. You gain the following benefits:</i><br> <ul> <li>You gain a +1 bonus to attack rolls you make with a flail.</li> <li>As a bonus action on your turn, you can prepare yourself to extend your flail to sweep over targets’ shields. Until the end of this turn, your attack rolls with a flail gain a +2 bonus against any target using a shield.</li> <li>When you hit with an opportunity attack using a flail, the target must succeed on a Strength saving throw (DC 8 + your proficiency bonus + your Strength modifier) or be knocked prone.</li> </ul>
Great Weapon Master;Player's Handbook;Weapon;None;<i>You’ve learned to put the weight of a weapon to your advantage, letting its momentum empower your strikes. You gain the following benefits:</i><br> <ul> <li>On your turn, when you score a critical hit with a melee weapon or reduce a creature to 0 hit points with one, you can make one melee weapon attack as a bonus action.</li> <li>Before you make a melee attack with a heavy weapon that you are proficient with, you can choose to take a - 5 penalty to the attack roll. If the attack hits, you add +10 to the attack’s damage.</li> </ul>
Polearm Master;Player's Handbook;Weapon;None;<i>You can keep your enemies at bay with reach weapons. You gain the following benefits:</i><br> <ul> <li>When you take the Attack action and attack with only a glaive, halberd, quarterstaff or spear, you can use a bonus action to make a melee attack with the opposite end of the weapon. The weapon’s damage die for this attack is a d4, and the attack deals bludgeoning damage. This attack uses the same ability modifier as the primary attack.</li> <li>While you are wielding a glaive, halberd, pike, quarterstaff or spear, other creatures provoke an opportunity attack from you when they enter your reach.</li> </ul>
Sharpshooter;Player's Handbook;Weapon;None;<i>You have mastered ranged weapons and can make shots that others find impossible. You gain the following benefits:</i><br> <ul> <li>Attacking at long range doesn't impose disadvantage on your ranged weapon attack rolls.</li> <li>Your ranged weapon attacks ignore half cover and three-quarters cover.</li> <li>Before you make an attack with a ranged weapon that you are proficient with, you can choose to take a - 5 penalty to the attack roll. If the attack hits, you add +10 to the attack’s damage.</li> </ul>
Shield Master;Player's Handbook;Weapon;None;<i>You use shields not just for protection but also for offense. You gain the following benefits while you are wielding a shield:</i><br> <ul> <li>If you take the Attack action on your turn, you can use a bonus action to try to shove a creature within 5 feet of you with your shield.</li> <li>If you aren’t incapacitated, you can add your shield’s AC bonus to any Dexterity saving throw you make against a spell or other harmful effect that targets only you.</li> <li>If you are subjected to an effect that allows you to make a Dexterity saving throw to take only half damage, you can use your reaction to take no damage if you succeed on the saving throw, interposing your shield between yourself and the source of the effect.</li> </ul>
Spear Mastery;UA: Feats;Weapon;None;<i>Though the spear is a simple weapon to learn, it rewards you for the time you have taken to master it. You gain the following benefits:</i><br> <ul> <li>You gain a +1 bonus to attack rolls you make with a spear.</li> <li>When you use a spear, its damage die changes from a d6 to a d8, and from a d8 to a d10 when wielded with two hands. (This benefit has no effect if another feature has already improved the weapon’s die.)</li> <li>You can set your spear to receive a charge. As a bonus action, choose a creature you can see that is at least 20 feet away from you. If that creatures moves within your spear’s reach on its next turn, you can make a melee attack against it with your spear as a reaction. If the attack hits, the target takes an extra 1d8 piercing damage, or an extra 1d10 piercing damage if you wield the spear with two hands. You can’t use this ability if the creature used the Disengage action before moving.</li> <li>As a bonus action on your turn, you can increase your reach with a spear by 5 feet for the rest of your turn.</li> </ul>
Tavern Brawler;Player's Handbook;Weapon;Strength, Constitution;<i>Accustomed to rough-and-tumble fighting using whatever weapons happen to be at hand, you gain the following benefits:</i><br> <ul> <li>Increase your Strength or Constitution score by 1, to a maximum of 20.</li> <li>You are proficient with improvised weapons.</li> <li>Your unarmed strike uses a d4 for damage.</li> <li>When you hit a creature with an unarmed strike or an improvised weapon on your turn, you can use a bonus action to attempt to grapple the target.</li> </ul>
Weapon Master;Player's Handbook;Weapon;Strength, Dexterity;<i>You have practiced extensively with a variety of weapons, gaining the following benefits:</i><br> <ul> <li>Increase your Strength or Dexterity score by 1, to a maximum of 20.</li> <li>You gain proficiency with four weapons of your choice. Each one must be a simple or a martial weapon.</li> </ul>
Crossbow Expert;Player's Handbook;Weapon;None;<i>Thanks to extensive practice with the crossbow, you gain the following benefits:</i><br> <ul> <li>You ignore the loading quality of crossbows with which you are proficient.</li> <li>Being within 5 feet of a hostile creature doesn’t impose disadvantage on your ranged attack rolls.</li> <li>When you use the Attack action and attack with a one-handed weapon, you can use a bonus action to attack with a hand crossbow you are holding.</li> </ul>
Defensive Duelist;Player's Handbook;Weapon;None;<i>Prerequisite: Dexterity 13 or higher</i><br> <ul> <li>When you are wielding a finesse weapon with which you are proficient and another creature hits you with a melee attack, you can use your reaction to add your proficiency bonus to your AC for that attack, potentially causing the attack to miss you.</li> </ul>
Dual Wielder;Player's Handbook;Weapon;None;<i>You master fighting with two weapons, gaining the following benefits:</i><br> <ul> <li>You gain a +1 bonus to AC while you are wielding a separate melee weapon in each hand.</li> <li>You can use two-weapon fighting even when the one-handed melee weapons you are wielding aren’t light.</li> <li>You can draw or stow two one-handed weapons when you would normally b e able to draw or stow only one.</li> </ul>
Actor;Player's Handbook;;Charisma;<i>Skilled at mimicry and dramatics, you gain the following benefits:</i><br> <ul> <li>Increase your Charisma score by 1, to a maximum of 20.</li> <li>You have advantage on Charisma (Deception) and Charisma (Performance) checks when trying to pass yourself off as a different person.</li> <li>You can mimic the speech of another person or the sounds made by other creatures. You must have heard the person speaking, or heard the creature make the sound, for at least 1 minute. A successful Wisdom (Insight) check contested by your Charisma (Deception) check allows a listener to determine that the effect is faked.</li> </ul>
Alchemist;UA: Feats;;Intelligence;<i>You have studied the secrets of alchemy and are an expert in its practice, gaining the following benefits:</i><br> <ul> <li>Increase your Intelligence score by 1, to a maximum of 20.</li> <li>You gain proficiency with alchemist’s supplies. If you are already proficient with them, you add double your proficiency bonus to checks you make with them.</li> <li>As an action, you can identify one potion within 5 feet of you, as if you had tasted it. You must see the liquid for this benefit to work.</li> <li>Over the course of any short rest, you can temporarily improve the potency of one potion of healing of any rarity. To use this benefit, you must have alchemist’s supplies with you, and the potion must be within reach. If the potion is drunk no more than 1 hour after the short rest ends, the creature drinking the potion can forgo the potion’s die roll and regains the maximum number of hit points that the potion can restore.</li> </ul>
Alert;Player's Handbook;;None;<i>Always on the lookout for danger, you gain the following benefits:</i><br> <ul> <li>You gain a +5 bonus to initiative.</li> <li>You can’t be surprised while you are conscious.</li> <li>Other creatures don’t gain advantage on attack rolls against you as a result of being unseen by you.</li> </ul>
Athlete;Player's Handbook;;Strength, Dexterity;<i>You have undergone extensive physical training to gain the following benefits:</i><br> <ul> <li>Increase your Strength or Dexterity score by 1, to a maximum of 20.</li> <li>When you are prone, standing up uses only 5 feet of your movement.</li> <li>Climbing doesn’t cost you extra movement.</li> <li>You can make a running long jump or a running high jump after moving only 5 feet on foot, rather than 10 feet.</li> </ul>
Burglar;UA: Feats;;Dexterity;<i>You pride yourself on your quickness and your close study of certain clandestine activities. You gain the following benefits:</i><br> <ul> <li>Increase your Dexterity score by 1, to a maximum of 20.</li> <li>You gain proficiency with thieves’ tools. If you are already proficient with them, you add double your proficiency bonus to checks you make with them.</li> </ul>
Charger;Player's Handbook;;None;<ul> <li>When you use your action to Dash, you can use a bonus action to make one melee weapon attack or to shove a creature.</li> <li>If you move at least 10 feet in a straight line immediately before taking this bonus action, you either gain a +5 bonus to the attack’s damage roll (if you chose to make a melee attack and hit) or push the target up to 10 feet away from you (if you chose to shove and you succeed).</li> </ul>
Dungeon Delver;Player's Handbook;;None;<i>Alert to the hidden traps and secret doors found in many dungeons, you gain the following benefits:</i><br> <ul> <li>You have advantage on Wisdom (Perception) and Intelligence (Investigation) checks made to detect the presence of secret doors.</li> <li>You have advantage on saving throws made to avoid or resist traps.</li> <li>You have resistance to the damage dealt by traps.</li> <li>Travelling at a fast pace doesn't impose the normal -5 penalty on your passive Wisdom (Perception) score.</li> </ul>
Durable;Player's Handbook;;Constitution;<i>Hardy and resilient, you gain the following benefits:</i><br> <ul> <li>Increase your Constitution score by 1, to a maximum of 20.</li> <li>When you roll a Hit Die to regain hit points, the minimum number of hit points you regain from the roll equals twice your Constitution modifier (minimum of 2).</li> </ul>
Elemental Adept;Player's Handbook;;None;<i>Prerequisite: The ability to cast at least one spell</i><br> <i>When you gain this feat, choose one of the following damage types: acid, cold, fire, lightning, or thunder.</i><br> <ul> <li>Spells you cast ignore resistance to damage of the chosen type. In addition, when you roll damage for a spell you cast that deals damage of that type, you can treat any 1 on a damage die as a 2. You can select this feat multiple times. Each time you do so, you must choose a different damage type.</li> </ul>
Gourmand;UA: Feats;;Constitution;<i>You have mastered a variety of special recipes, allowing you to prepare exotic dishes with useful effects. You gain the following benefits:</i><br> <ul> <li>Increase your Constitution score by 1, to a maximum of 20.</li> <li>You gain proficiency with cook’s utensils. If you are already proficient with them, you add double your proficiency bonus to checks you make with them.</li> <li>As an action, you can inspect a drink or plate of food within 5 feet of you and determine whether it is poisoned, provided that you can see and smell it.</li> <li>During a long rest, you can prepare and serve a meal that helps you and your allies recover from the rigors of adventuring, provided you have suitable food, cook’s utensils, and other supplies on hand. The meal serves up to six people, and each person who eats it regains two additional Hit Dice at the end of the long rest. In addition, those who partake of the meal have advantage on Constitution saving throws against disease for the next 24 hours.</li> </ul>
Grappler;Player's Handbook;;None;<i>Prerequisite: Strength 13 or higher</i><br> <i>You’ve developed the skills necessary to hold your own in close-quarters grappling. You gain the following benefits:</i><br> <ul> <li>You have advantage on attack rolls against a creature you are grappling.</li> <li>You can use your action to try to pin a creature grappled by you. To do so, make another grapple check. If you succeed, you and the creature are both restrained until the grapple ends.</li> </ul>
Healer;Player's Handbook;;None;<i>You are an able physician, allowing you to mend wounds quickly and get your allies back in the fight. You gain the following benefits:</i><br> <ul> <li>When you use a healer’s kit to stabilize a dying creature, that creature also regains 1 hit point.</li> <li>As an action, you can spend one use of a healer’s kit to tend to a creature and restore 1d6 + 4 hit points to it, plus additional hit points equal to the creature’s maximum number of Hit Dice. The creature can’t regain hit points from this feat again until it finishes a short or long rest.</li> </ul>
Inspiring Leader;Player's Handbook;;None;<i>Prerequisite: Charisma 13 or higher</i><br> <ul> <li>You can spend 10 minutes inspiring your companions, shoring up their resolve to fight. When you do so, choose up to six friendly creatures (which can include yourself) within 30 feet of you who can see or hear you and who can understand you. Each creature can gain temporary hit points equal to your level + your Charisma modifier. A creature can’t gain temporary hit points from this feat again until it has finished a short or long rest.</li> </ul>
Keen Mind;Player's Handbook;;Intelligence;<i>You have a mind that can track time, direction, and detail with uncanny precision. You gain the following benefits:</i><br> <ul> <li>Increase your Intelligence score by 1, to a maximum of 20.</li> <li>You always know which way is north.</li> <li>You always know the number of hours left before the next sunrise or sunset.</li> <li>You can accurately recall anything you have seen or heard within the past month.</li> </ul>
Linguist;Player's Handbook;;Intelligence;<i>You have studied languages and codes, gaining the following benefits:</i><br> <ul> <li>Increase your Intelligence score by 1, to a maximum of 20.</li> <li>You learn three languages of your choice.</li> <li>You can ably create written ciphers. Others can’t decipher a code you create unless you teach them, they succeed on an Intelligence check (DC equal to your Intelligence score + your proficiency bonus), or they use magic to decipher it.</li> </ul>
Lucky;Player's Handbook;;None;<i>You have inexplicable luck that seems to kick in at just the right moment.</i><br> <ul> <li>You have 3 luck points. Whenever you make an attack roll, an ability check, or a saving throw, you can spend one luck point to roll an additional d20. You can choose to spend one of your luck points after you roll the die, but before the outcome is determined. You choose which of the d20s is used for the attack roll, ability check, or saving throw. You can also spend one luck point when an attack roll is made against you. Roll a d20, and then choose whether the attack uses the attacker’s roll or yours. If more than one creature spends a luck point to influence the outcome of a roll, the points cancel each other out, no additional dice are rolled. You regain your expended luck points when you finish a long rest.</li> </ul>
Mage Slayer;Player's Handbook;;None;<i>You have practiced techniques useful in melee combat against spellcasters, gaining the following benefits:</i><br> <ul> <li>When a creature within 5 feet of you casts a spell, you can use your reaction to make a melee weapon attack against that creature.</li> <li>When you damage a creature that is concentrating on a spell, that creature has disadvantage on the saving throw it makes to maintain its concentration.</li> <li>You have advantage on saving throws against spells cast by creatures within 5 feet of you.</li> </ul>
Magic Initiate;Player's Handbook;;None;<i>Choose a class: bard, cleric, druid, sorcerer, warlock, or wizard.</i><br>  <ul> </li>You learn two cantrips of your choice from that class’s spell list. In addition, choose one 1st-level spell from that same list. Using this feat, you can cast the spell once at its lowest level, and you must finish a long rest before you can cast it in this way again. Your spellcasting ability for these spells depends on the class you chose: Charisma for bard, sorcerer, or warlock, Wisdom for cleric or druid: or Intelligence for wizard.</li> </ul>
Martial Adept;Player's Handbook;;None;<i>You have martial training that allows you to perform special combat maneuvers. You gain the following benefits:</i><br> <ul> <li>You learn two maneuvers of your choice from among those available to the Battle Master archetype in the fighter class. If a maneuver you use requires your target to make a saving throw to resist the maneuver’s effects, the saving throw DC equals 8 + your proficiency bonus + your Strength or Dexterity modifier (your choice).</li> <li>You gain one superiority die, which is a d6 (this die is added to any superiority dice you have gained from another source). This die is used to fuel your maneuvers. A superiority die is expended when you use it. You regain your expended superiority dice when you finish a short or long rest.</li> </ul>
Master of Disguise;UA: Feats;;Charisma;<i>You have honed your ability to shape your personality and to read the personalities of others. You gain the following benefits:</i><br> <ul> <li>Increase your Charisma score by 1, to a maximum of 20.</li> <li>You gain proficiency with the disguise kit. If you are already proficient with it, you add double your proficiency bonus to checks you make with it.</li> <li>If you spend 1 hour observing a creature, you can then spend 8 hours crafting a disguise you can quickly don to mimic that creature. Making the disguise requires a disguise kit. You must make checks as normal to disguise yourself, but you can assume the disguise as an action.</li> </ul>
Mobile;Player's Handbook;;None;<i>You are exceptionally speedy and agile. You gain the following benefits:</i><br> <ul> <li>Your speed increases by 10 feet.</li> <li>When you use the Dash action, difficult terrain doesn’t cost you extra movement on that turn.</li> <li>When you make a melee attack against a creature, you don’t provoke opportunity attacks from that creature for the rest o f the turn, whether you hit or not.</li> </ul>
Mounted Combatant;Player's Handbook;;None;<i>You are a dangerous foe to face while mounted. While you are mounted and aren’t incapacitated, you gain the following benefits:</i><br> <ul> <li>You have advantage on melee attack rolls against any unmounted creature that is smaller than your mount.</li> <li>You can force an attack targeted at your mount to target you instead.</li> <li>If your mount is subjected to an effect that allows it to make a Dexterity saving throw to take only half damage, it instead takes no damage if it succeeds on the saving throw, and only half damage if it fails.</li> </ul>
Observant;Player's Handbook;;None;<i>Quick to notice details of your environment, you gain the following benefits:</i><br> <ul> <li>Increase your Intelligence or Wisdom score by 1, to a maximum of 20.</li> <li>If you can see a creature’s mouth while it is speaking a language you understand, you can interpret what it’s saying by reading its lips.</li> <li>You have a +5 bonus to your passive Wisdom (Perception) and passive Intelligence (Investigation) scores.</li> </ul>
Resilient;Player's Handbook;;Strength, Dexterity, Constitution, Intelligence, Wisdom, Charisma;<i>Choose one ability score. You gain the following benefits:</i><br> <ul> <li>Increase the chosen ability score by 1, to a maximum of 20.</li> <li>You gain proficiency in saving throws using the chosen ability.</li> </ul>
Ritual Caster;Player's Handbook;;None;<i>Prerequisite: Intelligence or Wisdom 13 or higher</i><br> <ul> <li>You have learned a number of spells that you can cast as rituals. These spells are written in a ritual book, which you must have in hand while casting one of them. When you choose this feat, you acquire a ritual book holding two 1st-level spells of your choice. Choose one of the following classes: bard, cleric, druid, sorcerer, warlock, or wizard. You must choose your spells from that class’s spell list, and the spells you choose must have the ritual tag. The class you choose also determines your spellcasting ability for these spells: Charisma for bard, sorcerer, or warlock, Wisdom for cleric or druid, or Intelligence for wizard.</li> <li>If you come across a spell in written form, such as a magical spell scroll or a wizard’s spellbook, you might be able to add it to your ritual book. The spell must be on the spell list for the class you chose, the spell’s level can be no higher than half your level (rounded up), and it must have the ritual tag. The process of copying the spell into your ritual book takes 2 hours per level of the spell, and costs 50 gp per level. The cost represents material components you expend as you experiment with the spell to master it, as well as the fine inks you need to record it.</li> </ul>
Savage Attacker;Player's Handbook;;None;<ul> <li>Once per turn when you roll damage for a melee weapon attack, you can reroll the weapon’s damage dice and use either total.</li> </ul>
Sentinel;Player's Handbook;;None;<i>You have mastered techniques to take advantage of every drop in any enemy’s guard, gaining the following benefits:</i><br> <ul> <li>When you hit a creature with an opportunity attack, the creature’s speed becomes 0 for the rest of the turn.</li> <li>Creatures provoke opportunity attacks from you even if they take the Disengage action before leaving your reach.</li> <li>When a creature within 5 feet of you makes an attack against a target other than you (and that target doesn’t have this feat), you can use your reaction to make a melee weapon attack against the attacking creature.</li> </ul>
Skilled;Player's Handbook;;None;<ul> <li>You gain proficiency in any combination of three skills or tools of your choice.</li> </ul>
Skulker;Player's Handbook;;None;<i>Prerequisite: Dexterity 13 or higher</i><br> <i>You are expert at slinking through shadows. You gain the following benefits:</i><br> <ul> <li>You can try to hide when you are lightly obscured from the creature from which you are hiding.</li> <li>When you are hidden from a creature and miss it with a ranged weapon attack, making the attack doesn't reveal your position.</li> <li>Dim light doesn’t impose disadvantage on your Wisdom (Perception) checks relying on sight.</li> </ul>
Spell Sniper;Player's Handbook;;None;<i>Prerequisite: The ability to cast at least one spell You have learned techniques to enhance your attacks with certain kinds of spells, gaining the following benefits:</i><br> <ul> <li>When you cast a spell that requires you to make an attack roll, the spell’s range is doubled.</li> <li>Your ranged spell attacks ignore half cover and three-quarters cover.</li> <li>You learn one cantrip that requires an attack roll.</li> Choose the cantrip from the bard, cleric, druid, sorcerer, warlock, or wizard spell list. Your spellcasting ability for this cantrip depends on the spell list you chose from: Charisma for bard, sorcerer, or warlock, Wisdom for cleric or druid, or Intelligence for wizard.</li> </ul>
Tough;Player's Handbook;;None;<ul> <li>Your hit point maximum increases by an amount equal to twice your level when you gain this feat. Whenever you gain a level thereafter, your hit point maximum increases by an additional 2 hit points.</li> </ul>
War Caster;Player's Handbook;;None;<i>Prerequisite: The ability to cast at least one spell</i><br> <i>You have practiced casting spells in the midst of combat, learning techniques that grant you the following benefits:</i><br> <ul> <li>You have advantage on Constitution saving throws that you make to maintain your concentration on a spell when you take damage.</li> <li>You can perform the somatic components of spells even when you have weapons or a shield in one or both hands.</li> <li>When a hostile creature’s movement provokes an opportunity attack from you, you can use your reaction to cast a spell at the creature, rather than making an opportunity attack. The spell must have a casting time of 1 action and must target only that creature.</li> </ul>